id,patient_id,catalog_code,generic_name,brand_synth,therapeutic_class,used_for,indication,form,strength,strength_unit,route,dose_amount,dose_unit,frequency,scheduled_times,directions,warnings,side_effects,contraindications,storage,prn,prn_reason,quantity,refills,ndc_synth,rx_otc,start_date,end_date,prescriber_name,pharmacy_id,notes,active
e62650c7-ff1b-599b-b3fa-891242eefd79,439fb955-d10e-59d2-b454-80c191ba6200,SYNTH-RX-0032,clonidine-sim,Catapres-TEST,alpha agonist,blood pressure / ADHD training,Simulated hypertension or ADHD adjunct.,tablet,0.1,mg,PO,1,tablet,BID,"08:00,20:00",Take 1 tablet by mouth twice daily.,Do not stop abruptly in training.,"Drowsiness, GI upset (simulated).",Known hypersensitivity to this training compound.,"Room temperature 20–25°C, dry.",False,,60,5,99999-0032-60,Rx,2024-01-01,,"Natalie Arroyo, MD",e17bf1b4-ae6f-50a6-9bfd-17257c9e0264,SYNTHETIC — training assignment only,True
a6003259-dcb0-5453-b6a1-0a237302dd3e,439fb955-d10e-59d2-b454-80c191ba6200,SYNTH-RX-0031,hydroxyzine-sim,Vistaril-TEST,antihistamine,anxiety / itch,Simulated pruritus or situational anxiety.,capsule,25,mg,PO,1,capsule,PRN,,Take 1 capsule by mouth every 6 hours as needed.,Training product only — not for human use.,"Drowsiness, GI upset (simulated).",Known hypersensitivity to this training compound.,"Room temperature 20–25°C, dry.",True,itching or agitation,30,5,99999-0031-30,Rx,2024-01-01,,"Natalie Arroyo, MD",e17bf1b4-ae6f-50a6-9bfd-17257c9e0264,SYNTHETIC — training assignment only,True
a33cd43a-5459-5245-8fcf-bc3f7bfb24a8,15284ec3-b769-5eef-80d4-a04035d9447c,SYNTH-RX-0038,nystatin-sim susp,Mycostatin-TEST,antifungal,oral thrush,Simulated oropharyngeal candidiasis.,suspension,100000,units/mL,PO swish,5,mL,QID,"08:00,12:00,16:00,20:00","Swish 5 mL for 30 seconds and swallow, four times daily.",Training product only — not for human use.,"Drowsiness, GI upset (simulated).",Known hypersensitivity to this training compound.,"Room temperature 20–25°C, dry.",False,,60,1,99999-0038-60,Rx,2024-02-02,,"Natalie Arroyo, MD",134710c2-ed7d-5e70-949b-7930cef61c39,SYNTHETIC — training assignment only,True
3310363f-66d4-5d5d-89da-a759de4d3409,15284ec3-b769-5eef-80d4-a04035d9447c,SYNTH-RX-0031,hydroxyzine-sim,Vistaril-TEST,antihistamine,anxiety / itch,Simulated pruritus or situational anxiety.,capsule,25,mg,PO,1,capsule,PRN,,Take 1 capsule by mouth every 6 hours as needed.,Training product only — not for human use.,"Drowsiness, GI upset (simulated).",Known hypersensitivity to this training compound.,"Room temperature 20–25°C, dry.",True,itching or agitation,30,5,99999-0031-30,Rx,2024-02-02,,"Natalie Arroyo, MD",134710c2-ed7d-5e70-949b-7930cef61c39,SYNTHETIC — training assignment only,True
68d6b32d-debd-50c9-9983-08b2787a228f,15284ec3-b769-5eef-80d4-a04035d9447c,SYNTH-RX-0033,furosemix,Lasix-TEST,loop diuretic,fluid / edema,Simulated edema or CHF lab.,tablet,20,mg,PO,1,tablet,daily,08:00,Take 1 tablet by mouth in the morning.,Monitor simulated potassium.,"Drowsiness, GI upset (simulated).",Known hypersensitivity to this training compound.,"Room temperature 20–25°C, dry.",False,,30,5,99999-0033-30,Rx,2024-02-02,,"Natalie Arroyo, MD",134710c2-ed7d-5e70-949b-7930cef61c39,SYNTHETIC — training assignment only,True
66a301fd-98ea-506b-a0f7-9d7c1515490e,2c8de9ed-6863-5fee-bfa6-d67ad38dd653,SYNTH-RX-0037,poly-vit mineral-sim,Centrum-TEST,vitamin,nutrition,Simulated dietary gap.,tablet,1,tab,PO,1,tablet,daily,08:00,Take 1 tablet by mouth with breakfast.,Training product only — not for human use.,"Drowsiness, GI upset (simulated).",Known hypersensitivity to this training compound.,"Room temperature 20–25°C, dry.",False,,30,5,99999-0037-30,OTC-training,2024-03-03,,"Natalie Arroyo, MD",e17bf1b4-ae6f-50a6-9bfd-17257c9e0264,SYNTHETIC — training assignment only,True
1f8de6b3-0715-51b6-b19b-0ec3d3cfd135,2c8de9ed-6863-5fee-bfa6-d67ad38dd653,SYNTH-RX-0034,potassium chlorix,K-Dur-TEST,electrolyte,potassium replacement,Simulated hypokalemia prophylaxis with diuretic.,tablet,10,mEq,PO,1,tablet,daily,08:00,Take 1 tablet by mouth daily with food. Swallow whole.,Training product only — not for human use.,"Drowsiness, GI upset (simulated).",Known hypersensitivity to this training compound.,"Room temperature 20–25°C, dry.",False,,30,5,99999-0034-30,Rx,2024-03-03,,"Natalie Arroyo, MD",e17bf1b4-ae6f-50a6-9bfd-17257c9e0264,SYNTHETIC — training assignment only,True
91bd062d-67b7-511c-acc7-bfcd05f76fa9,2c8de9ed-6863-5fee-bfa6-d67ad38dd653,SYNTH-RX-0021,cetirizine-sim,ZyrTEST,antihistamine,allergies,Simulated allergic rhinitis.,tablet,10,mg,PO,1,tablet,daily,20:00,Take 1 tablet by mouth at bedtime.,Training product only — not for human use.,"Drowsiness, GI upset (simulated).",Known hypersensitivity to this training compound.,"Room temperature 20–25°C, dry.",False,,30,5,99999-0021-30,OTC-training,2024-03-03,,"Natalie Arroyo, MD",e17bf1b4-ae6f-50a6-9bfd-17257c9e0264,SYNTHETIC — training assignment only,True
c3664f2b-72f1-595b-bef4-60c9ce18eee5,2c8de9ed-6863-5fee-bfa6-d67ad38dd653,SYNTH-RX-0017,gabapentol,Neurontest,neuropathic agent,nerve pain / adjunct seizure,Simulated neuropathic pain.,capsule,300,mg,PO,1,capsule,TID,"08:00,14:00,20:00",Take 1 capsule by mouth three times daily.,Training product only — not for human use.,"Drowsiness, GI upset (simulated).",Known hypersensitivity to this training compound.,"Room temperature 20–25°C, dry.",False,,90,5,99999-0017-90,Rx,2024-03-03,,"Natalie Arroyo, MD",e17bf1b4-ae6f-50a6-9bfd-17257c9e0264,SYNTHETIC — training assignment only,True
ae99d127-75b6-5e3e-bcaf-69e41e63af8d,c66b16e3-e2b9-5789-b596-1d6a0d8b0527,SYNTH-RX-0029,acetaminophim,Tylenol-TEST,analgesic / antipyretic,pain / fever,Simulated mild pain or fever.,tablet,500,mg,PO,1,tablet,PRN,,Take 1 tablet by mouth every 6 hours as needed. Max 3 g / 24 h in training.,Training product only — not for human use.,"Drowsiness, GI upset (simulated).",Known hypersensitivity to this training compound.,"Room temperature 20–25°C, dry.",True,pain or fever ≥ 100.4 F,100,1,99999-0029-100,OTC-training,2024-04-04,,"Natalie Arroyo, MD",134710c2-ed7d-5e70-949b-7930cef61c39,SYNTHETIC — training assignment only,True
24c18c21-6f40-57d7-8ddc-2afcdd07ca44,c66b16e3-e2b9-5789-b596-1d6a0d8b0527,SYNTH-RX-0035,carbamazepim,Tegretol-TEST,anticonvulsant,seizure,Simulated focal seizures.,tablet,200,mg,PO,1,tablet,BID,"08:00,20:00",Take 1 tablet by mouth twice daily.,CBC training flag.,"Drowsiness, GI upset (simulated).",Known hypersensitivity to this training compound.,"Room temperature 20–25°C, dry.",False,,60,5,99999-0035-60,Rx,2024-04-04,,"Natalie Arroyo, MD",134710c2-ed7d-5e70-949b-7930cef61c39,SYNTHETIC — training assignment only,True
81f6509d-9403-5737-8a5a-f5cefc5fc801,c66b16e3-e2b9-5789-b596-1d6a0d8b0527,SYNTH-RX-0020,albuterol-sim HFA,Ventest HFA,short-acting beta agonist,wheezing / rescue,Simulated bronchospasm.,inhaler,90,mcg,inhaled,2,puffs,PRN,,Inhale 2 puffs as needed for wheezing. Max 4 times / 24 h in training.,Training product only — not for human use.,"Drowsiness, GI upset (simulated).",Known hypersensitivity to this training compound.,"Room temperature 20–25°C, dry.",True,wheezing / shortness of breath,1,2,99999-0020-01,Rx,2024-04-04,,"Natalie Arroyo, MD",134710c2-ed7d-5e70-949b-7930cef61c39,SYNTHETIC — training assignment only,True
b671bc74-5927-5135-aecb-5d9d1719eabf,c66b16e3-e2b9-5789-b596-1d6a0d8b0527,SYNTH-RX-0040,polyethylene glycol-sim plus electrolytes,GoLYTELY-TEST,bowel prep,bowel cleanout (training),Simulated bowel prep — not a standing home med.,solution,240,mL,PO,240,mL,PRN,,"Drink 240 mL every 10 minutes until gone, per training protocol.",Training product only — not for human use.,"Drowsiness, GI upset (simulated).",Known hypersensitivity to this training compound.,"Room temperature 20–25°C, dry.",True,ordered bowel prep only,4,0,99999-0040-04,Rx,2024-04-04,,"Natalie Arroyo, MD",134710c2-ed7d-5e70-949b-7930cef61c39,SYNTHETIC — training assignment only,True
4d59c903-4461-51e4-9642-0f73ebfc8975,c66b16e3-e2b9-5789-b596-1d6a0d8b0527,SYNTH-RX-0034,potassium chlorix,K-Dur-TEST,electrolyte,potassium replacement,Simulated hypokalemia prophylaxis with diuretic.,tablet,10,mEq,PO,1,tablet,daily,08:00,Take 1 tablet by mouth daily with food. Swallow whole.,Training product only — not for human use.,"Drowsiness, GI upset (simulated).",Known hypersensitivity to this training compound.,"Room temperature 20–25°C, dry.",False,,30,5,99999-0034-30,Rx,2024-04-04,,"Natalie Arroyo, MD",134710c2-ed7d-5e70-949b-7930cef61c39,SYNTHETIC — training assignment only,True
c9a60b69-e3a5-5bc6-a730-db8f85e7a39d,dbed0ddb-475d-5051-933b-02ac70f2932c,SYNTH-RX-0032,clonidine-sim,Catapres-TEST,alpha agonist,blood pressure / ADHD training,Simulated hypertension or ADHD adjunct.,tablet,0.1,mg,PO,1,tablet,BID,"08:00,20:00",Take 1 tablet by mouth twice daily.,Do not stop abruptly in training.,"Drowsiness, GI upset (simulated).",Known hypersensitivity to this training compound.,"Room temperature 20–25°C, dry.",False,,60,5,99999-0032-60,Rx,2024-05-05,,"Natalie Arroyo, MD",e17bf1b4-ae6f-50a6-9bfd-17257c9e0264,SYNTHETIC — training assignment only,True
6a412223-15d8-52c1-8d68-e8fe8fd0bf31,dbed0ddb-475d-5051-933b-02ac70f2932c,SYNTH-RX-0017,gabapentol,Neurontest,neuropathic agent,nerve pain / adjunct seizure,Simulated neuropathic pain.,capsule,300,mg,PO,1,capsule,TID,"08:00,14:00,20:00",Take 1 capsule by mouth three times daily.,Training product only — not for human use.,"Drowsiness, GI upset (simulated).",Known hypersensitivity to this training compound.,"Room temperature 20–25°C, dry.",False,,90,5,99999-0017-90,Rx,2024-05-05,,"Natalie Arroyo, MD",e17bf1b4-ae6f-50a6-9bfd-17257c9e0264,SYNTHETIC — training assignment only,True
3316dd91-77cc-5634-bb44-c55fbb9f79e1,dbed0ddb-475d-5051-933b-02ac70f2932c,SYNTH-RX-0004,valproexine,Depakote-TEST,anticonvulsant,seizure / mood,Simulated mixed seizure and mood-stabilizer labs.,delayed-release tablet,250,mg,PO,1,tablet,BID,"08:00,20:00",Swallow whole. Do not crush.,Monitor simulated LFTs in training notes.,"Drowsiness, GI upset (simulated).",Known hypersensitivity to this training compound.,"Room temperature 20–25°C, dry.",False,,60,5,99999-0004-60,Rx,2024-05-05,,"Natalie Arroyo, MD",e17bf1b4-ae6f-50a6-9bfd-17257c9e0264,SYNTHETIC — training assignment only,True
a9f15d8c-5dc5-5451-a0b4-28893ae7cc74,dbed0ddb-475d-5051-933b-02ac70f2932c,SYNTH-RX-0006,olanzipine,ZypreTEST,atypical antipsychotic,mood / psychosis training,Simulated schizophrenia-spectrum or bipolar maintenance.,tablet,5,mg,PO,1,tablet,QHS,20:00,Take 1 tablet by mouth at bedtime.,Training product only — not for human use.,"Weight gain, sedation (simulated).",Known hypersensitivity to this training compound.,"Room temperature 20–25°C, dry.",False,,30,5,99999-0006-30,Rx,2024-05-05,,"Natalie Arroyo, MD",e17bf1b4-ae6f-50a6-9bfd-17257c9e0264,SYNTHETIC — training assignment only,True
408f3951-85c6-5cd9-acd4-c33465e1995a,dbed0ddb-475d-5051-933b-02ac70f2932c,SYNTH-RX-0028,melatonex,SleepTEST,sleep aid,sleep,Simulated insomnia / sleep-onset delay.,tablet,3,mg,PO,1,tablet,QHS,20:00,Take 1 tablet by mouth 30 minutes before bedtime.,Training product only — not for human use.,"Drowsiness, GI upset (simulated).",Known hypersensitivity to this training compound.,"Room temperature 20–25°C, dry.",True,difficulty falling asleep,30,5,99999-0028-30,OTC-training,2024-05-05,,"Natalie Arroyo, MD",e17bf1b4-ae6f-50a6-9bfd-17257c9e0264,SYNTHETIC — training assignment only,True
6ba97757-5ce6-5046-931a-9eff8019cf0d,dbed0ddb-475d-5051-933b-02ac70f2932c,SYNTH-RX-0018,baclofene,Lioresal-TEST,muscle relaxant,spasticity,Simulated spasticity in cerebral palsy training cases.,tablet,10,mg,PO,1,tablet,TID,"08:00,14:00,20:00",Take 1 tablet by mouth three times daily.,Training product only — not for human use.,"Drowsiness, GI upset (simulated).",Known hypersensitivity to this training compound.,"Room temperature 20–25°C, dry.",False,,90,5,99999-0018-90,Rx,2024-05-05,,"Natalie Arroyo, MD",e17bf1b4-ae6f-50a6-9bfd-17257c9e0264,SYNTHETIC — training assignment only,True
ea7bc545-2477-5f7d-971b-efa3695639ac,03c042b9-792e-5855-b252-a6c585e15903,SYNTH-RX-0009,metformex,Glucophage-TEST,biguanide,blood sugar,Simulated type 2 diabetes mellitus.,tablet,500,mg,PO,1,tablet,BID,"08:00,20:00",Take 1 tablet by mouth twice daily with meals.,Hold if simulated NPO / GI illness protocol.,GI upset (simulated).,Known hypersensitivity to this training compound.,"Room temperature 20–25°C, dry.",False,,60,5,99999-0009-60,Rx,2024-06-06,,"Natalie Arroyo, MD",134710c2-ed7d-5e70-949b-7930cef61c39,SYNTHETIC — training assignment only,True
d48f0805-04b6-5921-a392-5cc5ffbfe89f,03c042b9-792e-5855-b252-a6c585e15903,SYNTH-RX-0003,sertraloxine,Zolofake,SSRI,mood / anxiety,Simulated major depressive or anxiety disorder.,tablet,50,mg,PO,1,tablet,daily,08:00,Take 1 tablet by mouth every morning.,Training product only — not for human use.,"Nausea, insomnia (simulated).",Known hypersensitivity to this training compound.,"Room temperature 20–25°C, dry.",False,,30,5,99999-0003-30,Rx,2024-06-06,,"Natalie Arroyo, MD",134710c2-ed7d-5e70-949b-7930cef61c39,SYNTHETIC — training assignment only,True
f4e6e29e-1423-574a-96d4-d6cfda8856d8,5ac77ca3-3096-5270-a433-9be738626b41,SYNTH-RX-0027,oxybutynin-sim,Ditropan-TEST,anticholinergic,bladder,Simulated overactive bladder.,tablet,5,mg,PO,1,tablet,BID,"08:00,20:00",Take 1 tablet by mouth twice daily.,Dry mouth / constipation training flag.,"Drowsiness, GI upset (simulated).",Known hypersensitivity to this training compound.,"Room temperature 20–25°C, dry.",False,,60,5,99999-0027-60,Rx,2024-07-07,,"Natalie Arroyo, MD",e17bf1b4-ae6f-50a6-9bfd-17257c9e0264,SYNTHETIC — training assignment only,True
8ef52531-5a30-57c7-b6ba-be03cc78942b,5ac77ca3-3096-5270-a433-9be738626b41,SYNTH-RX-0002,lamotigene,Lamictest,anticonvulsant / mood stabilizer,seizure and mood stabilization,Simulated maintenance for bipolar-spectrum and seizure labs.,tablet,100,mg,PO,1,tablet,BID,"08:00,20:00",Take 1 tablet by mouth twice daily.,Titrate slowly in training protocols.,Rash (training flag — hold and notify).,Known hypersensitivity to this training compound.,"Room temperature 20–25°C, dry.",False,,60,5,99999-0002-60,Rx,2024-07-07,,"Natalie Arroyo, MD",e17bf1b4-ae6f-50a6-9bfd-17257c9e0264,SYNTHETIC — training assignment only,True
a34fc6d0-a266-5c6b-bb2a-7f2557341270,5ac77ca3-3096-5270-a433-9be738626b41,SYNTH-RX-0012,amlodipane,NorvaTEST,calcium channel blocker,blood pressure,Simulated hypertension / angina lab.,tablet,5,mg,PO,1,tablet,daily,08:00,Take 1 tablet by mouth daily.,Training product only — not for human use.,"Drowsiness, GI upset (simulated).",Known hypersensitivity to this training compound.,"Room temperature 20–25°C, dry.",False,,30,5,99999-0012-30,Rx,2024-07-07,,"Natalie Arroyo, MD",e17bf1b4-ae6f-50a6-9bfd-17257c9e0264,SYNTHETIC — training assignment only,True
e0cc8817-09e9-5bcc-be2a-3890693249a7,025141fa-e153-5098-ab12-c3b0e1641739,SYNTH-RX-0015,polyethyline glycol-sim,MiraTEST,osmotic laxative,constipation,Simulated occasional constipation.,powder,17,g,PO,17,g,daily,08:00,Mix 17 g in 8 oz water; drink once daily.,Training product only — not for human use.,"Drowsiness, GI upset (simulated).",Known hypersensitivity to this training compound.,"Room temperature 20–25°C, dry.",False,,14,5,99999-0015-14,OTC-training,2024-08-08,,"Natalie Arroyo, MD",134710c2-ed7d-5e70-949b-7930cef61c39,SYNTHETIC — training assignment only,True
0d04d681-e9f3-5fde-afea-6068d97289c9,025141fa-e153-5098-ab12-c3b0e1641739,SYNTH-RX-0002,lamotigene,Lamictest,anticonvulsant / mood stabilizer,seizure and mood stabilization,Simulated maintenance for bipolar-spectrum and seizure labs.,tablet,100,mg,PO,1,tablet,BID,"08:00,20:00",Take 1 tablet by mouth twice daily.,Titrate slowly in training protocols.,Rash (training flag — hold and notify).,Known hypersensitivity to this training compound.,"Room temperature 20–25°C, dry.",False,,60,5,99999-0002-60,Rx,2024-08-08,,"Natalie Arroyo, MD",134710c2-ed7d-5e70-949b-7930cef61c39,SYNTHETIC — training assignment only,True
62190448-b2d4-569a-b632-43d0a490bcfb,025141fa-e153-5098-ab12-c3b0e1641739,SYNTH-RX-0013,atorvastine,Lipitest,statin,cholesterol,Simulated hyperlipidemia.,tablet,20,mg,PO,1,tablet,QHS,20:00,Take 1 tablet by mouth at bedtime.,Training product only — not for human use.,"Drowsiness, GI upset (simulated).",Known hypersensitivity to this training compound.,"Room temperature 20–25°C, dry.",False,,30,5,99999-0013-30,Rx,2024-08-08,,"Natalie Arroyo, MD",134710c2-ed7d-5e70-949b-7930cef61c39,SYNTHETIC — training assignment only,True
461107a3-d10a-5167-9eec-31be174e1bd1,025141fa-e153-5098-ab12-c3b0e1641739,SYNTH-RX-0026,tamsulosin-sim,Flomax-TEST,alpha blocker,urinary flow,Simulated BPH.,capsule,0.4,mg,PO,1,capsule,daily,20:00,Take 1 capsule by mouth 30 minutes after the same meal daily.,Training product only — not for human use.,"Drowsiness, GI upset (simulated).",Known hypersensitivity to this training compound.,"Room temperature 20–25°C, dry.",False,,30,5,99999-0026-30,Rx,2024-08-08,,"Natalie Arroyo, MD",134710c2-ed7d-5e70-949b-7930cef61c39,SYNTHETIC — training assignment only,True
d000291b-c9c0-5705-bb9f-c04289c6a861,72b345bd-0814-5efd-9a51-160de9188c86,SYNTH-RX-0021,cetirizine-sim,ZyrTEST,antihistamine,allergies,Simulated allergic rhinitis.,tablet,10,mg,PO,1,tablet,daily,20:00,Take 1 tablet by mouth at bedtime.,Training product only — not for human use.,"Drowsiness, GI upset (simulated).",Known hypersensitivity to this training compound.,"Room temperature 20–25°C, dry.",False,,30,5,99999-0021-30,OTC-training,2024-09-09,,"Natalie Arroyo, MD",e17bf1b4-ae6f-50a6-9bfd-17257c9e0264,SYNTHETIC — training assignment only,True
7f0055cc-bb3e-587f-942a-3eae1e5639aa,72b345bd-0814-5efd-9a51-160de9188c86,SYNTH-RX-0028,melatonex,SleepTEST,sleep aid,sleep,Simulated insomnia / sleep-onset delay.,tablet,3,mg,PO,1,tablet,QHS,20:00,Take 1 tablet by mouth 30 minutes before bedtime.,Training product only — not for human use.,"Drowsiness, GI upset (simulated).",Known hypersensitivity to this training compound.,"Room temperature 20–25°C, dry.",True,difficulty falling asleep,30,5,99999-0028-30,OTC-training,2024-09-09,,"Natalie Arroyo, MD",e17bf1b4-ae6f-50a6-9bfd-17257c9e0264,SYNTHETIC — training assignment only,True
8fd9d1fa-cf0d-5633-b8fd-8f104ee812d0,72b345bd-0814-5efd-9a51-160de9188c86,SYNTH-RX-0039,hydrocortisone-sim 1%,Cortaid-TEST,topical corticosteroid,skin inflammation,Simulated dermatitis.,cream,1,%,topical,thin film,application,BID,"08:00,20:00",Apply a thin film to affected area twice daily.,Training product only — not for human use.,"Drowsiness, GI upset (simulated).",Known hypersensitivity to this training compound.,"Room temperature 20–25°C, dry.",False,,1,2,99999-0039-15,OTC-training,2024-09-09,,"Natalie Arroyo, MD",e17bf1b4-ae6f-50a6-9bfd-17257c9e0264,SYNTHETIC — training assignment only,True
8fadfb32-5b98-560a-b055-d6d451469d40,72b345bd-0814-5efd-9a51-160de9188c86,SYNTH-RX-0033,furosemix,Lasix-TEST,loop diuretic,fluid / edema,Simulated edema or CHF lab.,tablet,20,mg,PO,1,tablet,daily,08:00,Take 1 tablet by mouth in the morning.,Monitor simulated potassium.,"Drowsiness, GI upset (simulated).",Known hypersensitivity to this training compound.,"Room temperature 20–25°C, dry.",False,,30,5,99999-0033-30,Rx,2024-09-09,,"Natalie Arroyo, MD",e17bf1b4-ae6f-50a6-9bfd-17257c9e0264,SYNTHETIC — training assignment only,True
a1118c84-60cd-578f-b909-8101ce63aeec,72b345bd-0814-5efd-9a51-160de9188c86,SYNTH-RX-0008,aripiprazim,AbiliTEST,atypical antipsychotic,mood / irritability,Simulated adjunct for irritability.,tablet,2,mg,PO,1,tablet,daily,08:00,Take 1 tablet by mouth every morning.,Training product only — not for human use.,"Drowsiness, GI upset (simulated).",Known hypersensitivity to this training compound.,"Room temperature 20–25°C, dry.",False,,30,5,99999-0008-30,Rx,2024-09-09,,"Natalie Arroyo, MD",e17bf1b4-ae6f-50a6-9bfd-17257c9e0264,SYNTHETIC — training assignment only,True
ff142197-c34c-5a66-9b7e-b4da4b4593ad,eb6d8fe0-4491-5b8a-bdb6-a4beb0d82ff7,SYNTH-RX-0020,albuterol-sim HFA,Ventest HFA,short-acting beta agonist,wheezing / rescue,Simulated bronchospasm.,inhaler,90,mcg,inhaled,2,puffs,PRN,,Inhale 2 puffs as needed for wheezing. Max 4 times / 24 h in training.,Training product only — not for human use.,"Drowsiness, GI upset (simulated).",Known hypersensitivity to this training compound.,"Room temperature 20–25°C, dry.",True,wheezing / shortness of breath,1,2,99999-0020-01,Rx,2024-10-10,,"Natalie Arroyo, MD",134710c2-ed7d-5e70-949b-7930cef61c39,SYNTHETIC — training assignment only,True
c7860cca-ab28-5bf6-96eb-49a72d7a3572,eb6d8fe0-4491-5b8a-bdb6-a4beb0d82ff7,SYNTH-RX-0033,furosemix,Lasix-TEST,loop diuretic,fluid / edema,Simulated edema or CHF lab.,tablet,20,mg,PO,1,tablet,daily,08:00,Take 1 tablet by mouth in the morning.,Monitor simulated potassium.,"Drowsiness, GI upset (simulated).",Known hypersensitivity to this training compound.,"Room temperature 20–25°C, dry.",False,,30,5,99999-0033-30,Rx,2024-10-10,,"Natalie Arroyo, MD",134710c2-ed7d-5e70-949b-7930cef61c39,SYNTHETIC — training assignment only,True
4ddf752c-8c16-56c7-8ed7-141593bcef57,eb6d8fe0-4491-5b8a-bdb6-a4beb0d82ff7,SYNTH-RX-0040,polyethylene glycol-sim plus electrolytes,GoLYTELY-TEST,bowel prep,bowel cleanout (training),Simulated bowel prep — not a standing home med.,solution,240,mL,PO,240,mL,PRN,,"Drink 240 mL every 10 minutes until gone, per training protocol.",Training product only — not for human use.,"Drowsiness, GI upset (simulated).",Known hypersensitivity to this training compound.,"Room temperature 20–25°C, dry.",True,ordered bowel prep only,4,0,99999-0040-04,Rx,2024-10-10,,"Natalie Arroyo, MD",134710c2-ed7d-5e70-949b-7930cef61c39,SYNTHETIC — training assignment only,True
2c3acf79-f48e-5214-a588-2523a5739cb2,eb6d8fe0-4491-5b8a-bdb6-a4beb0d82ff7,SYNTH-RX-0027,oxybutynin-sim,Ditropan-TEST,anticholinergic,bladder,Simulated overactive bladder.,tablet,5,mg,PO,1,tablet,BID,"08:00,20:00",Take 1 tablet by mouth twice daily.,Dry mouth / constipation training flag.,"Drowsiness, GI upset (simulated).",Known hypersensitivity to this training compound.,"Room temperature 20–25°C, dry.",False,,60,5,99999-0027-60,Rx,2024-10-10,,"Natalie Arroyo, MD",134710c2-ed7d-5e70-949b-7930cef61c39,SYNTHETIC — training assignment only,True
e67a325e-9e56-5378-b714-4e15066994a5,eb6d8fe0-4491-5b8a-bdb6-a4beb0d82ff7,SYNTH-RX-0021,cetirizine-sim,ZyrTEST,antihistamine,allergies,Simulated allergic rhinitis.,tablet,10,mg,PO,1,tablet,daily,20:00,Take 1 tablet by mouth at bedtime.,Training product only — not for human use.,"Drowsiness, GI upset (simulated).",Known hypersensitivity to this training compound.,"Room temperature 20–25°C, dry.",False,,30,5,99999-0021-30,OTC-training,2024-10-10,,"Natalie Arroyo, MD",134710c2-ed7d-5e70-949b-7930cef61c39,SYNTHETIC — training assignment only,True
1fea1cd9-ba90-5421-a98f-8bd170c29c17,eb6d8fe0-4491-5b8a-bdb6-a4beb0d82ff7,SYNTH-RX-0026,tamsulosin-sim,Flomax-TEST,alpha blocker,urinary flow,Simulated BPH.,capsule,0.4,mg,PO,1,capsule,daily,20:00,Take 1 capsule by mouth 30 minutes after the same meal daily.,Training product only — not for human use.,"Drowsiness, GI upset (simulated).",Known hypersensitivity to this training compound.,"Room temperature 20–25°C, dry.",False,,30,5,99999-0026-30,Rx,2024-10-10,,"Natalie Arroyo, MD",134710c2-ed7d-5e70-949b-7930cef61c39,SYNTHETIC — training assignment only,True
fa0fe07e-a967-53bb-8180-d700fdfa362c,8b404f9f-d116-5aef-ae46-ae9465aeb33e,SYNTH-RX-0030,ibuprofene-sim,Advil-TEST,NSAID,pain / inflammation,Simulated musculoskeletal pain.,tablet,200,mg,PO,1,tablet,PRN,,Take 1 tablet by mouth every 6–8 hours as needed with food.,GI bleed training flag — hold if black stools.,"Drowsiness, GI upset (simulated).",Known hypersensitivity to this training compound.,"Room temperature 20–25°C, dry.",True,pain or swelling,50,5,99999-0030-50,OTC-training,2024-11-11,,"Natalie Arroyo, MD",e17bf1b4-ae6f-50a6-9bfd-17257c9e0264,SYNTHETIC — training assignment only,True
1f356690-27f6-546b-8934-c18f9d0d63e7,8b404f9f-d116-5aef-ae46-ae9465aeb33e,SYNTH-RX-0029,acetaminophim,Tylenol-TEST,analgesic / antipyretic,pain / fever,Simulated mild pain or fever.,tablet,500,mg,PO,1,tablet,PRN,,Take 1 tablet by mouth every 6 hours as needed. Max 3 g / 24 h in training.,Training product only — not for human use.,"Drowsiness, GI upset (simulated).",Known hypersensitivity to this training compound.,"Room temperature 20–25°C, dry.",True,pain or fever ≥ 100.4 F,100,1,99999-0029-100,OTC-training,2024-11-11,,"Natalie Arroyo, MD",e17bf1b4-ae6f-50a6-9bfd-17257c9e0264,SYNTHETIC — training assignment only,True
89a60fb6-92c8-5404-9ce5-8b20a5cf9216,88e2df56-17f0-573c-8fbc-fa246ef99790,SYNTH-RX-0010,glipizide-sim,Glucotest,sulfonylurea,blood sugar,Simulated type 2 diabetes.,tablet,5,mg,PO,1,tablet,daily,08:00,Take 1 tablet by mouth 30 minutes before breakfast.,Hypoglycemia training flag.,"Drowsiness, GI upset (simulated).",Known hypersensitivity to this training compound.,"Room temperature 20–25°C, dry.",False,,30,5,99999-0010-30,Rx,2024-12-12,,"Natalie Arroyo, MD",134710c2-ed7d-5e70-949b-7930cef61c39,SYNTHETIC — training assignment only,True
52cba82d-ffb0-5b1a-9523-6361a4a681bd,88e2df56-17f0-573c-8fbc-fa246ef99790,SYNTH-RX-0002,lamotigene,Lamictest,anticonvulsant / mood stabilizer,seizure and mood stabilization,Simulated maintenance for bipolar-spectrum and seizure labs.,tablet,100,mg,PO,1,tablet,BID,"08:00,20:00",Take 1 tablet by mouth twice daily.,Titrate slowly in training protocols.,Rash (training flag — hold and notify).,Known hypersensitivity to this training compound.,"Room temperature 20–25°C, dry.",False,,60,5,99999-0002-60,Rx,2024-12-12,,"Natalie Arroyo, MD",134710c2-ed7d-5e70-949b-7930cef61c39,SYNTHETIC — training assignment only,True
67ed3dab-8503-59a2-b0d7-1521d0df06d6,88e2df56-17f0-573c-8fbc-fa246ef99790,SYNTH-RX-0003,sertraloxine,Zolofake,SSRI,mood / anxiety,Simulated major depressive or anxiety disorder.,tablet,50,mg,PO,1,tablet,daily,08:00,Take 1 tablet by mouth every morning.,Training product only — not for human use.,"Nausea, insomnia (simulated).",Known hypersensitivity to this training compound.,"Room temperature 20–25°C, dry.",False,,30,5,99999-0003-30,Rx,2024-12-12,,"Natalie Arroyo, MD",134710c2-ed7d-5e70-949b-7930cef61c39,SYNTHETIC — training assignment only,True
d49b85d2-6d66-5043-9d03-5a0618cb8972,1d0d1a3d-e4ea-529c-adb0-7abaccbf5e90,SYNTH-RX-0036,topiramine,Topamax-TEST,anticonvulsant,seizure / migraine training,Simulated seizure or migraine prophylaxis.,tablet,25,mg,PO,1,tablet,BID,"08:00,20:00",Take 1 tablet by mouth twice daily.,Training product only — not for human use.,"Drowsiness, GI upset (simulated).",Known hypersensitivity to this training compound.,"Room temperature 20–25°C, dry.",False,,60,5,99999-0036-60,Rx,2024-01-13,,"Natalie Arroyo, MD",e17bf1b4-ae6f-50a6-9bfd-17257c9e0264,SYNTHETIC — training assignment only,True
330353df-85b5-5abb-bd80-a40e33a1e9c1,1d0d1a3d-e4ea-529c-adb0-7abaccbf5e90,SYNTH-RX-0016,docusate-sim,Colace-TEST,stool softener,constipation,Simulated hard stools.,capsule,100,mg,PO,1,capsule,BID,"08:00,20:00",Take 1 capsule by mouth twice daily.,Training product only — not for human use.,"Drowsiness, GI upset (simulated).",Known hypersensitivity to this training compound.,"Room temperature 20–25°C, dry.",False,,60,5,99999-0016-60,OTC-training,2024-01-13,,"Natalie Arroyo, MD",e17bf1b4-ae6f-50a6-9bfd-17257c9e0264,SYNTHETIC — training assignment only,True
0ecbfcde-b6d7-5c81-b1a2-b6134a4aa85d,1d0d1a3d-e4ea-529c-adb0-7abaccbf5e90,SYNTH-RX-0008,aripiprazim,AbiliTEST,atypical antipsychotic,mood / irritability,Simulated adjunct for irritability.,tablet,2,mg,PO,1,tablet,daily,08:00,Take 1 tablet by mouth every morning.,Training product only — not for human use.,"Drowsiness, GI upset (simulated).",Known hypersensitivity to this training compound.,"Room temperature 20–25°C, dry.",False,,30,5,99999-0008-30,Rx,2024-01-13,,"Natalie Arroyo, MD",e17bf1b4-ae6f-50a6-9bfd-17257c9e0264,SYNTHETIC — training assignment only,True
2182c622-a448-5d22-accc-ee60f87cf02d,1d0d1a3d-e4ea-529c-adb0-7abaccbf5e90,SYNTH-RX-0030,ibuprofene-sim,Advil-TEST,NSAID,pain / inflammation,Simulated musculoskeletal pain.,tablet,200,mg,PO,1,tablet,PRN,,Take 1 tablet by mouth every 6–8 hours as needed with food.,GI bleed training flag — hold if black stools.,"Drowsiness, GI upset (simulated).",Known hypersensitivity to this training compound.,"Room temperature 20–25°C, dry.",True,pain or swelling,50,5,99999-0030-50,OTC-training,2024-01-13,,"Natalie Arroyo, MD",e17bf1b4-ae6f-50a6-9bfd-17257c9e0264,SYNTHETIC — training assignment only,True
b528742c-4b0a-56de-b526-8eb98164c909,c3863d79-ab7d-5bf1-8694-e98df33b38c3,SYNTH-RX-0018,baclofene,Lioresal-TEST,muscle relaxant,spasticity,Simulated spasticity in cerebral palsy training cases.,tablet,10,mg,PO,1,tablet,TID,"08:00,14:00,20:00",Take 1 tablet by mouth three times daily.,Training product only — not for human use.,"Drowsiness, GI upset (simulated).",Known hypersensitivity to this training compound.,"Room temperature 20–25°C, dry.",False,,90,5,99999-0018-90,Rx,2024-02-14,,"Natalie Arroyo, MD",134710c2-ed7d-5e70-949b-7930cef61c39,SYNTHETIC — training assignment only,True
ab1fc6d6-f5e3-5ca5-b1b6-13634ee55131,c3863d79-ab7d-5bf1-8694-e98df33b38c3,SYNTH-RX-0029,acetaminophim,Tylenol-TEST,analgesic / antipyretic,pain / fever,Simulated mild pain or fever.,tablet,500,mg,PO,1,tablet,PRN,,Take 1 tablet by mouth every 6 hours as needed. Max 3 g / 24 h in training.,Training product only — not for human use.,"Drowsiness, GI upset (simulated).",Known hypersensitivity to this training compound.,"Room temperature 20–25°C, dry.",True,pain or fever ≥ 100.4 F,100,1,99999-0029-100,OTC-training,2024-02-14,,"Natalie Arroyo, MD",134710c2-ed7d-5e70-949b-7930cef61c39,SYNTHETIC — training assignment only,True
77a658b8-f99f-5a7b-bda8-15039dc68eeb,c3863d79-ab7d-5bf1-8694-e98df33b38c3,SYNTH-RX-0005,risperidole,RisperTEST,atypical antipsychotic,behavioral support,Simulated irritability associated with developmental disability.,tablet,1,mg,PO,1,tablet,BID,"08:00,20:00",Take 1 tablet by mouth twice daily.,Fall-risk training flag.,"Drowsiness, GI upset (simulated).",Known hypersensitivity to this training compound.,"Room temperature 20–25°C, dry.",False,,60,5,99999-0005-60,Rx,2024-02-14,,"Natalie Arroyo, MD",134710c2-ed7d-5e70-949b-7930cef61c39,SYNTHETIC — training assignment only,True
0f7b01ed-c4e9-5016-98ce-04499c815009,c3863d79-ab7d-5bf1-8694-e98df33b38c3,SYNTH-RX-0019,tizanidine-sim,ZanaTEST,muscle relaxant,spasticity,Simulated muscle spasm.,tablet,2,mg,PO,1,tablet,TID,"08:00,14:00,20:00",Take 1 tablet by mouth three times daily.,Sedation training flag.,"Drowsiness, GI upset (simulated).",Known hypersensitivity to this training compound.,"Room temperature 20–25°C, dry.",False,,90,5,99999-0019-90,Rx,2024-02-14,,"Natalie Arroyo, MD",134710c2-ed7d-5e70-949b-7930cef61c39,SYNTHETIC — training assignment only,True
e6e181e0-346d-5647-a419-f36586b054c1,c3863d79-ab7d-5bf1-8694-e98df33b38c3,SYNTH-RX-0016,docusate-sim,Colace-TEST,stool softener,constipation,Simulated hard stools.,capsule,100,mg,PO,1,capsule,BID,"08:00,20:00",Take 1 capsule by mouth twice daily.,Training product only — not for human use.,"Drowsiness, GI upset (simulated).",Known hypersensitivity to this training compound.,"Room temperature 20–25°C, dry.",False,,60,5,99999-0016-60,OTC-training,2024-02-14,,"Natalie Arroyo, MD",134710c2-ed7d-5e70-949b-7930cef61c39,SYNTHETIC — training assignment only,True
b50d4063-a47d-5865-a546-b0f419c9a623,fcf9b26a-1707-537c-9df7-b0560b77fc7c,SYNTH-RX-0037,poly-vit mineral-sim,Centrum-TEST,vitamin,nutrition,Simulated dietary gap.,tablet,1,tab,PO,1,tablet,daily,08:00,Take 1 tablet by mouth with breakfast.,Training product only — not for human use.,"Drowsiness, GI upset (simulated).",Known hypersensitivity to this training compound.,"Room temperature 20–25°C, dry.",False,,30,5,99999-0037-30,OTC-training,2024-03-15,,"Natalie Arroyo, MD",e17bf1b4-ae6f-50a6-9bfd-17257c9e0264,SYNTHETIC — training assignment only,True
e777abf1-e33d-54a2-8d9d-1c475ada8059,fcf9b26a-1707-537c-9df7-b0560b77fc7c,SYNTH-RX-0025,levothyrox-sim,Synthroid-TEST,thyroid hormone,thyroid,Simulated hypothyroidism.,tablet,50,mcg,PO,1,tablet,daily,06:30,"Take 1 tablet by mouth on empty stomach, 30 min before food.",Training product only — not for human use.,"Drowsiness, GI upset (simulated).",Known hypersensitivity to this training compound.,"Room temperature 20–25°C, dry.",False,,30,5,99999-0025-30,Rx,2024-03-15,,"Natalie Arroyo, MD",e17bf1b4-ae6f-50a6-9bfd-17257c9e0264,SYNTHETIC — training assignment only,True
ff75728e-e459-59ec-b406-07f6c8096d50,fcf9b26a-1707-537c-9df7-b0560b77fc7c,SYNTH-RX-0031,hydroxyzine-sim,Vistaril-TEST,antihistamine,anxiety / itch,Simulated pruritus or situational anxiety.,capsule,25,mg,PO,1,capsule,PRN,,Take 1 capsule by mouth every 6 hours as needed.,Training product only — not for human use.,"Drowsiness, GI upset (simulated).",Known hypersensitivity to this training compound.,"Room temperature 20–25°C, dry.",True,itching or agitation,30,5,99999-0031-30,Rx,2024-03-15,,"Natalie Arroyo, MD",e17bf1b4-ae6f-50a6-9bfd-17257c9e0264,SYNTHETIC — training assignment only,True
5f94a438-3e78-5e3a-815e-387d79f83771,fcf9b26a-1707-537c-9df7-b0560b77fc7c,SYNTH-RX-0001,levotiracetam,Keppraline-TEST,anticonvulsant,seizure control,Adjunct for simulated partial-onset seizures.,tablet,500,mg,PO,1,tablet,BID,"08:00,20:00",Take 1 tablet by mouth twice daily with water.,Do not stop abruptly in training scenarios.,"Irritability, somnolence (simulated).",Known hypersensitivity to this training compound.,"Room temperature 20–25°C, dry.",False,,60,5,99999-0001-30,Rx,2024-03-15,,"Natalie Arroyo, MD",e17bf1b4-ae6f-50a6-9bfd-17257c9e0264,SYNTHETIC — training assignment only,True
df273c44-3188-5abb-851e-ec278ffc3d08,fcf9b26a-1707-537c-9df7-b0560b77fc7c,SYNTH-RX-0023,cholecalciferol-sim,D3-TEST,vitamin,vitamin D,Simulated vitamin D insufficiency.,capsule,2000,IU,PO,1,capsule,daily,08:00,Take 1 capsule by mouth daily with food.,Training product only — not for human use.,"Drowsiness, GI upset (simulated).",Known hypersensitivity to this training compound.,"Room temperature 20–25°C, dry.",False,,90,5,99999-0023-90,OTC-training,2024-03-15,,"Natalie Arroyo, MD",e17bf1b4-ae6f-50a6-9bfd-17257c9e0264,SYNTHETIC — training assignment only,True
2ddf75e5-47d2-5f1f-af3b-9069225de633,fcf9b26a-1707-537c-9df7-b0560b77fc7c,SYNTH-RX-0020,albuterol-sim HFA,Ventest HFA,short-acting beta agonist,wheezing / rescue,Simulated bronchospasm.,inhaler,90,mcg,inhaled,2,puffs,PRN,,Inhale 2 puffs as needed for wheezing. Max 4 times / 24 h in training.,Training product only — not for human use.,"Drowsiness, GI upset (simulated).",Known hypersensitivity to this training compound.,"Room temperature 20–25°C, dry.",True,wheezing / shortness of breath,1,2,99999-0020-01,Rx,2024-03-15,,"Natalie Arroyo, MD",e17bf1b4-ae6f-50a6-9bfd-17257c9e0264,SYNTHETIC — training assignment only,True
7e7f5e42-b817-51ba-aa5d-79c85545ab92,f336cd74-b900-5f78-848d-af2d3e2bc3c2,SYNTH-RX-0040,polyethylene glycol-sim plus electrolytes,GoLYTELY-TEST,bowel prep,bowel cleanout (training),Simulated bowel prep — not a standing home med.,solution,240,mL,PO,240,mL,PRN,,"Drink 240 mL every 10 minutes until gone, per training protocol.",Training product only — not for human use.,"Drowsiness, GI upset (simulated).",Known hypersensitivity to this training compound.,"Room temperature 20–25°C, dry.",True,ordered bowel prep only,4,0,99999-0040-04,Rx,2024-04-16,,"Natalie Arroyo, MD",134710c2-ed7d-5e70-949b-7930cef61c39,SYNTHETIC — training assignment only,True
d308c334-25ca-516d-ad72-f243080d1dab,f336cd74-b900-5f78-848d-af2d3e2bc3c2,SYNTH-RX-0035,carbamazepim,Tegretol-TEST,anticonvulsant,seizure,Simulated focal seizures.,tablet,200,mg,PO,1,tablet,BID,"08:00,20:00",Take 1 tablet by mouth twice daily.,CBC training flag.,"Drowsiness, GI upset (simulated).",Known hypersensitivity to this training compound.,"Room temperature 20–25°C, dry.",False,,60,5,99999-0035-60,Rx,2024-04-16,,"Natalie Arroyo, MD",134710c2-ed7d-5e70-949b-7930cef61c39,SYNTHETIC — training assignment only,True
ccfccd49-9724-53d2-9c50-9785ea74ba06,41524157-ae83-56a9-82ca-0d94ba5b042d,SYNTH-RX-0035,carbamazepim,Tegretol-TEST,anticonvulsant,seizure,Simulated focal seizures.,tablet,200,mg,PO,1,tablet,BID,"08:00,20:00",Take 1 tablet by mouth twice daily.,CBC training flag.,"Drowsiness, GI upset (simulated).",Known hypersensitivity to this training compound.,"Room temperature 20–25°C, dry.",False,,60,5,99999-0035-60,Rx,2024-05-17,,"Natalie Arroyo, MD",e17bf1b4-ae6f-50a6-9bfd-17257c9e0264,SYNTHETIC — training assignment only,True
ab78a5bc-5da0-56c9-8148-bcbf7eee68a3,41524157-ae83-56a9-82ca-0d94ba5b042d,SYNTH-RX-0004,valproexine,Depakote-TEST,anticonvulsant,seizure / mood,Simulated mixed seizure and mood-stabilizer labs.,delayed-release tablet,250,mg,PO,1,tablet,BID,"08:00,20:00",Swallow whole. Do not crush.,Monitor simulated LFTs in training notes.,"Drowsiness, GI upset (simulated).",Known hypersensitivity to this training compound.,"Room temperature 20–25°C, dry.",False,,60,5,99999-0004-60,Rx,2024-05-17,,"Natalie Arroyo, MD",e17bf1b4-ae6f-50a6-9bfd-17257c9e0264,SYNTHETIC — training assignment only,True
da835824-8d87-5987-b4a1-e8a6e2b8bd67,41524157-ae83-56a9-82ca-0d94ba5b042d,SYNTH-RX-0023,cholecalciferol-sim,D3-TEST,vitamin,vitamin D,Simulated vitamin D insufficiency.,capsule,2000,IU,PO,1,capsule,daily,08:00,Take 1 capsule by mouth daily with food.,Training product only — not for human use.,"Drowsiness, GI upset (simulated).",Known hypersensitivity to this training compound.,"Room temperature 20–25°C, dry.",False,,90,5,99999-0023-90,OTC-training,2024-05-17,,"Natalie Arroyo, MD",e17bf1b4-ae6f-50a6-9bfd-17257c9e0264,SYNTHETIC — training assignment only,True
cf49d978-be39-5eed-9797-f906448376c2,5be29ceb-1b19-534d-b0f0-9fbe5d8126bc,SYNTH-RX-0011,lisinoprate,Prinivil-TEST,ACE inhibitor,blood pressure,Simulated hypertension.,tablet,10,mg,PO,1,tablet,daily,08:00,Take 1 tablet by mouth every morning.,Check BP before dose in training MAR.,"Drowsiness, GI upset (simulated).",Known hypersensitivity to this training compound.,"Room temperature 20–25°C, dry.",False,,30,5,99999-0011-30,Rx,2024-06-18,,"Natalie Arroyo, MD",134710c2-ed7d-5e70-949b-7930cef61c39,SYNTHETIC — training assignment only,True
da65de4a-7596-5c28-a297-85e357571f19,5be29ceb-1b19-534d-b0f0-9fbe5d8126bc,SYNTH-RX-0039,hydrocortisone-sim 1%,Cortaid-TEST,topical corticosteroid,skin inflammation,Simulated dermatitis.,cream,1,%,topical,thin film,application,BID,"08:00,20:00",Apply a thin film to affected area twice daily.,Training product only — not for human use.,"Drowsiness, GI upset (simulated).",Known hypersensitivity to this training compound.,"Room temperature 20–25°C, dry.",False,,1,2,99999-0039-15,OTC-training,2024-06-18,,"Natalie Arroyo, MD",134710c2-ed7d-5e70-949b-7930cef61c39,SYNTHETIC — training assignment only,True
08a68036-7246-5568-b257-ffc7f6f2a47c,5be29ceb-1b19-534d-b0f0-9fbe5d8126bc,SYNTH-RX-0008,aripiprazim,AbiliTEST,atypical antipsychotic,mood / irritability,Simulated adjunct for irritability.,tablet,2,mg,PO,1,tablet,daily,08:00,Take 1 tablet by mouth every morning.,Training product only — not for human use.,"Drowsiness, GI upset (simulated).",Known hypersensitivity to this training compound.,"Room temperature 20–25°C, dry.",False,,30,5,99999-0008-30,Rx,2024-06-18,,"Natalie Arroyo, MD",134710c2-ed7d-5e70-949b-7930cef61c39,SYNTHETIC — training assignment only,True
0d96f0b8-5837-5fcd-91cf-82e6ff293179,5be29ceb-1b19-534d-b0f0-9fbe5d8126bc,SYNTH-RX-0020,albuterol-sim HFA,Ventest HFA,short-acting beta agonist,wheezing / rescue,Simulated bronchospasm.,inhaler,90,mcg,inhaled,2,puffs,PRN,,Inhale 2 puffs as needed for wheezing. Max 4 times / 24 h in training.,Training product only — not for human use.,"Drowsiness, GI upset (simulated).",Known hypersensitivity to this training compound.,"Room temperature 20–25°C, dry.",True,wheezing / shortness of breath,1,2,99999-0020-01,Rx,2024-06-18,,"Natalie Arroyo, MD",134710c2-ed7d-5e70-949b-7930cef61c39,SYNTHETIC — training assignment only,True
6b5dae78-342c-5640-9cd7-2cda584eeae7,7000681d-96be-5273-93da-18b097e51f8d,SYNTH-RX-0033,furosemix,Lasix-TEST,loop diuretic,fluid / edema,Simulated edema or CHF lab.,tablet,20,mg,PO,1,tablet,daily,08:00,Take 1 tablet by mouth in the morning.,Monitor simulated potassium.,"Drowsiness, GI upset (simulated).",Known hypersensitivity to this training compound.,"Room temperature 20–25°C, dry.",False,,30,5,99999-0033-30,Rx,2024-07-19,,"Natalie Arroyo, MD",e17bf1b4-ae6f-50a6-9bfd-17257c9e0264,SYNTHETIC — training assignment only,True
248156ac-353d-525a-bb17-e179df69034d,7000681d-96be-5273-93da-18b097e51f8d,SYNTH-RX-0022,loratadine-sim,Claritin-TEST,antihistamine,allergies,Simulated seasonal allergies.,tablet,10,mg,PO,1,tablet,daily,08:00,Take 1 tablet by mouth daily.,Training product only — not for human use.,"Drowsiness, GI upset (simulated).",Known hypersensitivity to this training compound.,"Room temperature 20–25°C, dry.",False,,30,5,99999-0022-30,OTC-training,2024-07-19,,"Natalie Arroyo, MD",e17bf1b4-ae6f-50a6-9bfd-17257c9e0264,SYNTHETIC — training assignment only,True
3fb1f73e-79a6-5429-89d4-61f7414bc210,7000681d-96be-5273-93da-18b097e51f8d,SYNTH-RX-0001,levotiracetam,Keppraline-TEST,anticonvulsant,seizure control,Adjunct for simulated partial-onset seizures.,tablet,500,mg,PO,1,tablet,BID,"08:00,20:00",Take 1 tablet by mouth twice daily with water.,Do not stop abruptly in training scenarios.,"Irritability, somnolence (simulated).",Known hypersensitivity to this training compound.,"Room temperature 20–25°C, dry.",False,,60,5,99999-0001-30,Rx,2024-07-19,,"Natalie Arroyo, MD",e17bf1b4-ae6f-50a6-9bfd-17257c9e0264,SYNTHETIC — training assignment only,True
dda60df5-334e-555c-8a6e-35537df0c6c1,7000681d-96be-5273-93da-18b097e51f8d,SYNTH-RX-0027,oxybutynin-sim,Ditropan-TEST,anticholinergic,bladder,Simulated overactive bladder.,tablet,5,mg,PO,1,tablet,BID,"08:00,20:00",Take 1 tablet by mouth twice daily.,Dry mouth / constipation training flag.,"Drowsiness, GI upset (simulated).",Known hypersensitivity to this training compound.,"Room temperature 20–25°C, dry.",False,,60,5,99999-0027-60,Rx,2024-07-19,,"Natalie Arroyo, MD",e17bf1b4-ae6f-50a6-9bfd-17257c9e0264,SYNTHETIC — training assignment only,True
2558a1a6-eefd-5057-b4df-518e3e72ca5d,7000681d-96be-5273-93da-18b097e51f8d,SYNTH-RX-0032,clonidine-sim,Catapres-TEST,alpha agonist,blood pressure / ADHD training,Simulated hypertension or ADHD adjunct.,tablet,0.1,mg,PO,1,tablet,BID,"08:00,20:00",Take 1 tablet by mouth twice daily.,Do not stop abruptly in training.,"Drowsiness, GI upset (simulated).",Known hypersensitivity to this training compound.,"Room temperature 20–25°C, dry.",False,,60,5,99999-0032-60,Rx,2024-07-19,,"Natalie Arroyo, MD",e17bf1b4-ae6f-50a6-9bfd-17257c9e0264,SYNTHETIC — training assignment only,True
11af8f98-d011-5f8d-a236-5d035ce1a59c,787b3277-d6cb-5270-9de1-b86935b966ef,SYNTH-RX-0006,olanzipine,ZypreTEST,atypical antipsychotic,mood / psychosis training,Simulated schizophrenia-spectrum or bipolar maintenance.,tablet,5,mg,PO,1,tablet,QHS,20:00,Take 1 tablet by mouth at bedtime.,Training product only — not for human use.,"Weight gain, sedation (simulated).",Known hypersensitivity to this training compound.,"Room temperature 20–25°C, dry.",False,,30,5,99999-0006-30,Rx,2024-08-20,,"Natalie Arroyo, MD",134710c2-ed7d-5e70-949b-7930cef61c39,SYNTHETIC — training assignment only,True
775cd154-adc5-5468-ad0f-4bf4b9e8aec5,787b3277-d6cb-5270-9de1-b86935b966ef,SYNTH-RX-0018,baclofene,Lioresal-TEST,muscle relaxant,spasticity,Simulated spasticity in cerebral palsy training cases.,tablet,10,mg,PO,1,tablet,TID,"08:00,14:00,20:00",Take 1 tablet by mouth three times daily.,Training product only — not for human use.,"Drowsiness, GI upset (simulated).",Known hypersensitivity to this training compound.,"Room temperature 20–25°C, dry.",False,,90,5,99999-0018-90,Rx,2024-08-20,,"Natalie Arroyo, MD",134710c2-ed7d-5e70-949b-7930cef61c39,SYNTHETIC — training assignment only,True
362de942-b3f8-5620-8c89-da83166ce74b,787b3277-d6cb-5270-9de1-b86935b966ef,SYNTH-RX-0029,acetaminophim,Tylenol-TEST,analgesic / antipyretic,pain / fever,Simulated mild pain or fever.,tablet,500,mg,PO,1,tablet,PRN,,Take 1 tablet by mouth every 6 hours as needed. Max 3 g / 24 h in training.,Training product only — not for human use.,"Drowsiness, GI upset (simulated).",Known hypersensitivity to this training compound.,"Room temperature 20–25°C, dry.",True,pain or fever ≥ 100.4 F,100,1,99999-0029-100,OTC-training,2024-08-20,,"Natalie Arroyo, MD",134710c2-ed7d-5e70-949b-7930cef61c39,SYNTHETIC — training assignment only,True
da91ac38-4f92-5852-8182-e85170815a17,787b3277-d6cb-5270-9de1-b86935b966ef,SYNTH-RX-0016,docusate-sim,Colace-TEST,stool softener,constipation,Simulated hard stools.,capsule,100,mg,PO,1,capsule,BID,"08:00,20:00",Take 1 capsule by mouth twice daily.,Training product only — not for human use.,"Drowsiness, GI upset (simulated).",Known hypersensitivity to this training compound.,"Room temperature 20–25°C, dry.",False,,60,5,99999-0016-60,OTC-training,2024-08-20,,"Natalie Arroyo, MD",134710c2-ed7d-5e70-949b-7930cef61c39,SYNTHETIC — training assignment only,True
ba3d39ed-a711-54a8-a7a1-1c31b28d2053,787b3277-d6cb-5270-9de1-b86935b966ef,SYNTH-RX-0030,ibuprofene-sim,Advil-TEST,NSAID,pain / inflammation,Simulated musculoskeletal pain.,tablet,200,mg,PO,1,tablet,PRN,,Take 1 tablet by mouth every 6–8 hours as needed with food.,GI bleed training flag — hold if black stools.,"Drowsiness, GI upset (simulated).",Known hypersensitivity to this training compound.,"Room temperature 20–25°C, dry.",True,pain or swelling,50,5,99999-0030-50,OTC-training,2024-08-20,,"Natalie Arroyo, MD",134710c2-ed7d-5e70-949b-7930cef61c39,SYNTHETIC — training assignment only,True
3579f65c-4e03-50d5-8317-88d0499f4f00,787b3277-d6cb-5270-9de1-b86935b966ef,SYNTH-RX-0025,levothyrox-sim,Synthroid-TEST,thyroid hormone,thyroid,Simulated hypothyroidism.,tablet,50,mcg,PO,1,tablet,daily,06:30,"Take 1 tablet by mouth on empty stomach, 30 min before food.",Training product only — not for human use.,"Drowsiness, GI upset (simulated).",Known hypersensitivity to this training compound.,"Room temperature 20–25°C, dry.",False,,30,5,99999-0025-30,Rx,2024-08-20,,"Natalie Arroyo, MD",134710c2-ed7d-5e70-949b-7930cef61c39,SYNTHETIC — training assignment only,True
