id,first_name,last_name,date_of_birth,sex,ssn_synth,medicaid_synth,street,city,zip,phone,group_home_id,pharmacy_id,source
439fb955-d10e-59d2-b454-80c191ba6200,John,Lee,1994-01-28,F,666-00-1000,FLTEST00000000,62473 Scott Wall Apt. 080,Fort Myers,33901,904-555-1326,a5471e50-de37-5045-b163-87ffe5f9b4d6,e17bf1b4-ae6f-50a6-9bfd-17257c9e0264,faker
15284ec3-b769-5eef-80d4-a04035d9447c,Franklin,Smith,1998-10-03,F,666-01-1001,FLTEST00000001,7468 Moore Hill Apt. 098,Naples,34102,904-555-0500,7a5ecfd0-10ae-5204-90c7-602d5f7ff847,134710c2-ed7d-5e70-949b-7930cef61c39,faker
2c8de9ed-6863-5fee-bfa6-d67ad38dd653,Christopher,Lopez,1947-02-15,X,666-02-1002,FLTEST00000002,361 Beth Canyon,Daytona Beach,32114,904-555-9169,e47233d0-b049-5a9a-a239-ff6e8abdb36b,e17bf1b4-ae6f-50a6-9bfd-17257c9e0264,faker
c66b16e3-e2b9-5789-b596-1d6a0d8b0527,John,Foster,1984-07-10,M,666-03-1003,FLTEST00000003,5107 Charles Forest Suite 251,Homestead,33030,904-555-3542,a24cd757-457f-5d6f-9810-f48f3a72685a,134710c2-ed7d-5e70-949b-7930cef61c39,faker
dbed0ddb-475d-5051-933b-02ac70f2932c,Allison,Contreras,2007-06-16,X,666-04-1004,FLTEST00000004,124 Pamela Summit Apt. 449,Fort Myers,33901,904-555-3534,a5471e50-de37-5045-b163-87ffe5f9b4d6,e17bf1b4-ae6f-50a6-9bfd-17257c9e0264,faker
03c042b9-792e-5855-b252-a6c585e15903,Christopher,Henderson,2001-09-21,F,666-05-1005,FLTEST00000005,05242 Arnold Meadow Apt. 112,Naples,34102,904-555-8059,7a5ecfd0-10ae-5204-90c7-602d5f7ff847,134710c2-ed7d-5e70-949b-7930cef61c39,faker
5ac77ca3-3096-5270-a433-9be738626b41,Rachel,Flynn,1938-09-08,M,666-06-1006,FLTEST00000006,3315 Dickson Summit,Daytona Beach,32114,904-555-2322,e47233d0-b049-5a9a-a239-ff6e8abdb36b,e17bf1b4-ae6f-50a6-9bfd-17257c9e0264,faker
025141fa-e153-5098-ab12-c3b0e1641739,Leah,Shields,1992-09-30,M,666-07-1007,FLTEST00000007,2160 Walker Viaduct,Homestead,33030,904-555-7543,a24cd757-457f-5d6f-9810-f48f3a72685a,134710c2-ed7d-5e70-949b-7930cef61c39,faker
72b345bd-0814-5efd-9a51-160de9188c86,Tammy,Ramirez,1955-12-21,F,666-08-1008,FLTEST00000008,850 Natalie Green Apt. 940,Fort Myers,33901,904-555-1965,a5471e50-de37-5045-b163-87ffe5f9b4d6,e17bf1b4-ae6f-50a6-9bfd-17257c9e0264,faker
eb6d8fe0-4491-5b8a-bdb6-a4beb0d82ff7,Darrell,Lam,1967-06-29,X,666-09-1009,FLTEST00000009,0608 Michael Cliff,Naples,34102,904-555-5951,7a5ecfd0-10ae-5204-90c7-602d5f7ff847,134710c2-ed7d-5e70-949b-7930cef61c39,faker
8b404f9f-d116-5aef-ae46-ae9465aeb33e,Richard,Phillips,1984-04-26,M,666-10-1010,FLTEST00000010,66299 Sullivan Village,Daytona Beach,32114,904-555-0443,e47233d0-b049-5a9a-a239-ff6e8abdb36b,e17bf1b4-ae6f-50a6-9bfd-17257c9e0264,faker
88e2df56-17f0-573c-8fbc-fa246ef99790,Emma,Dixon,1969-07-30,M,666-11-1011,FLTEST00000011,148 Davis Terrace,Homestead,33030,904-555-3433,a24cd757-457f-5d6f-9810-f48f3a72685a,134710c2-ed7d-5e70-949b-7930cef61c39,faker
1d0d1a3d-e4ea-529c-adb0-7abaccbf5e90,Stanley,Mercado,1997-08-31,F,666-12-1012,FLTEST00000012,676 Dylan Spurs,Fort Myers,33901,904-555-0163,a5471e50-de37-5045-b163-87ffe5f9b4d6,e17bf1b4-ae6f-50a6-9bfd-17257c9e0264,faker
c3863d79-ab7d-5bf1-8694-e98df33b38c3,John,Charles,1969-07-18,X,666-13-1013,FLTEST00000013,78895 Salazar Stravenue Suite 872,Naples,34102,904-555-7743,7a5ecfd0-10ae-5204-90c7-602d5f7ff847,134710c2-ed7d-5e70-949b-7930cef61c39,faker
fcf9b26a-1707-537c-9df7-b0560b77fc7c,Joshua,Jones,1971-01-04,F,666-14-1014,FLTEST00000014,45581 Edward Lights Apt. 316,Daytona Beach,32114,904-555-6587,e47233d0-b049-5a9a-a239-ff6e8abdb36b,e17bf1b4-ae6f-50a6-9bfd-17257c9e0264,faker
f336cd74-b900-5f78-848d-af2d3e2bc3c2,Sophia,Smith,2001-09-08,X,666-15-1015,FLTEST00000015,0546 Medina Street Apt. 734,Homestead,33030,904-555-6706,a24cd757-457f-5d6f-9810-f48f3a72685a,134710c2-ed7d-5e70-949b-7930cef61c39,faker
41524157-ae83-56a9-82ca-0d94ba5b042d,Amanda,Meadows,2002-10-05,X,666-16-1016,FLTEST00000016,62720 Gray Forest,Fort Myers,33901,904-555-7556,a5471e50-de37-5045-b163-87ffe5f9b4d6,e17bf1b4-ae6f-50a6-9bfd-17257c9e0264,faker
5be29ceb-1b19-534d-b0f0-9fbe5d8126bc,Thomas,Curry,1954-01-18,F,666-17-1017,FLTEST00000017,3100 James Brooks,Naples,34102,904-555-9232,7a5ecfd0-10ae-5204-90c7-602d5f7ff847,134710c2-ed7d-5e70-949b-7930cef61c39,faker
7000681d-96be-5273-93da-18b097e51f8d,Holly,Wang,2004-10-26,M,666-18-1018,FLTEST00000018,912 Rodriguez Burg,Daytona Beach,32114,904-555-4966,e47233d0-b049-5a9a-a239-ff6e8abdb36b,e17bf1b4-ae6f-50a6-9bfd-17257c9e0264,faker
787b3277-d6cb-5270-9de1-b86935b966ef,Melissa,Burke,1943-01-27,M,666-19-1019,FLTEST00000019,058 Stanley Cliff,Homestead,33030,904-555-8506,a24cd757-457f-5d6f-9810-f48f3a72685a,134710c2-ed7d-5e70-949b-7930cef61c39,faker
